ts,o,h,l,c,vol,volCcy,volCcyQuote,confirm
1718382600000,65319.9,65584.0,65188.0,65291.2,544.50038527,35589672.4093794,35589672.4093794,1
1718380800000,66389.9,66524.9,65272.4,65319.9,1108.90206159,73038001.98291504,73038001.98291504,1
1718379000000,66914.5,67053.9,66338.0,66388.3,281.44732241,18742688.751490794,18742688.751490794,1
1718377200000,66983.8,66997.7,66753.8,66913.6,80.59125697,5388516.378662964,5388516.378662964,1
1718375400000,66691.4,67014.0,66553.1,66983.8,180.85444047,12077724.220031785,12077724.220031785,1
1718373600000,67071.3,67119.9,66599.5,66694.5,245.8744862,16433419.741320351,16433419.741320351,1
1718371800000,67332.7,67366.3,67066.7,67070.7,139.6705261,9390373.814224819,9390373.814224819,1
1718370000000,67077.7,67332.8,66950.0,67332.7,193.20172473,12974421.784558697,12974421.784558697,1
1718368200000,67199.6,67239.9,66975.7,67077.8,153.00182974,10264038.247377563,10264038.247377563,1
1718366400000,67039.9,67293.3,66981.3,67199.6,169.40259387,11378749.224463653,11378749.224463653,1
1718364600000,67066.5,67099.0,67000.1,67038.8,67.20978027,4506957.750296822,4506957.750296822,1
1718362800000,66865.3,67066.6,66776.0,67066.4,72.98032019,4881815.813266352,4881815.813266352,1
1718361000000,66934.5,66941.3,66860.0,66865.0,34.47859245,2306283.573213198,2306283.573213198,1
1718359200000,66921.5,67021.0,66833.0,66931.9,45.06244544,3015861.445777113,3015861.445777113,1
1718357400000,67068.0,67074.2,66900.0,66921.5,63.86785474,4277097.731126575,4277097.731126575,1
1718355600000,67149.1,67149.1,66992.6,67068.1,75.28745623,5048295.262350798,5048295.262350798,1
1718353800000,67143.9,67228.3,67071.8,67151.9,58.2480648,3911801.763549829,3911801.763549829,1
1718352000000,66908.9,67266.0,66864.3,67149.6,94.99459122,6376350.616831037,6376350.616831037,1
1718350200000,66943.8,67099.0,66895.3,66908.8,160.45325806,10747728.903143514,10747728.903143514,1
1718348400000,66960.0,67064.8,66940.0,66943.8,128.36813945,8598737.48150836,8598737.48150836,1
1718346600000,66918.1,67058.4,66878.5,66960.1,84.77902054,5677385.854762939,5677385.854762939,1
1718344800000,67065.3,67121.2,66900.1,66913.2,67.22033029,4505689.969083486,4505689.969083486,1
1718343000000,66834.0,67210.7,66816.1,67058.4,247.34891528,16581912.211959666,16581912.211959666,1
1718341200000,66714.3,66835.0,66710.3,66834.0,21.05557916,1406215.071883782,1406215.071883782,1
1718339400000,66829.4,66834.6,66710.0,66714.4,104.61399388,6981915.571725691,6981915.571725691,1
1718337600000,66748.0,66835.4,66733.4,66828.3,39.45275629,2634767.818489528,2634767.818489528,1
1718335800000,66727.2,66779.9,66672.9,66748.0,52.29495176,3489467.693745691,3489467.693745691,1
1718334000000,66953.3,66991.2,66713.0,66727.8,77.73786008,5195083.956136133,5195083.956136133,1
1718332200000,66802.7,67032.0,66774.4,66956.0,134.84648727,9018213.26212828,9018213.26212828,1
1718330400000,66797.9,66872.0,66699.5,66802.6,96.60636528,6452115.293016563,6452115.293016563,1
1718328600000,66624.3,66831.0,66468.3,66797.9,102.20713703,6808822.58546113,6808822.58546113,1
1718326800000,66711.6,66754.4,66541.0,66620.2,78.10649193,5207039.597583843,5207039.597583843,1
1718325000000,66781.4,66795.8,66594.6,66709.4,103.02754315,6871378.804208859,6871378.804208859,1
1718323200000,66775.6,66896.0,66650.0,66781.4,70.04624207,4676070.059914272,4676070.059914272,1
1718321400000,66879.5,66908.0,66744.1,66775.7,41.60289906,2779958.61531107,2779958.61531107,1
1718319600000,66885.9,66897.9,66679.6,66879.5,42.88116185,2863321.018938197,2863321.018938197,1
1718317800000,66908.2,66987.5,66855.5,66885.9,25.01170954,1674197.456393606,1674197.456393606,1
1718316000000,66973.4,66973.5,66837.8,66908.3,27.60883721,1847401.307356311,1847401.307356311,1
1718314200000,66704.3,66973.4,66704.3,66973.4,17.12463648,1145376.585192326,1145376.585192326,1
1718312400000,66713.1,66809.9,66676.9,66704.3,35.26852404,2354310.328660827,2354310.328660827,1
1718310600000,66692.2,66713.0,66522.1,66713.0,43.04595791,2867960.188723326,2867960.188723326,1
1718308800000,66602.0,66804.0,66574.1,66692.2,82.27710991,5487790.021258499,5487790.021258499,1
1718307000000,66830.1,66830.2,66585.2,66606.8,100.33347197,6691037.421465871,6691037.421465871,1
1718305200000,66854.6,66887.3,66672.0,66830.2,75.71717645,5055650.731227382,5055650.731227382,1
1718303400000,66864.0,66934.7,66685.1,66860.5,60.37767341,4034095.883595763,4034095.883595763,1
1718301600000,66916.1,66981.6,66743.8,66864.0,112.91076942,7551554.469059833,7551554.469059833,1
1718299800000,66724.1,66935.7,66640.1,66918.5,125.04262724,8356622.421202584,8356622.421202584,1
1718298000000,66979.5,67070.0,66710.0,66724.1,122.27612673,8181023.65212825,8181023.65212825,1
1718296200000,66660.2,67025.4,66567.1,66979.5,164.66622989,10992236.25239944,10992236.25239944,1
1718294400000,66458.1,66824.7,66258.0,66660.3,476.09972769,31693351.526553307,31693351.526553307,1
1718292600000,66977.8,67043.1,66333.0,66460.0,634.06738957,42228976.03974665,42228976.03974665,1
1718290800000,67357.2,67536.0,66933.0,66973.4,290.80722907,19526153.32271303,19526153.32271303,1
1718289000000,67280.7,67734.7,67280.7,67361.9,180.48850433,12177599.325110717,12177599.325110717,1
1718287200000,67591.4,67683.4,67152.1,67280.8,235.54884363,15885694.057473464,15885694.057473464,1
1718285400000,68034.8,68267.5,67518.4,67591.5,303.06862165,20603886.67203517,20603886.67203517,1
1718283600000,67738.0,68115.8,67615.7,68034.8,146.03647519,9906801.571643542,9906801.571643542,1
1718281800000,67849.4,68458.0,67455.1,67743.5,765.88089494,52059021.5089088,52059021.5089088,1
1718280000000,67744.9,67881.1,67698.5,67849.5,160.04281579,10852282.6897959,10852282.6897959,1
1718278200000,67919.8,67958.9,67648.6,67745.4,69.05999505,4683565.434615609,4683565.434615609,1
1718276400000,67824.0,67930.0,67724.0,67919.9,120.20731171,8155899.962669206,8155899.962669206,1
1718274600000,67387.7,67981.4,67359.5,67824.0,126.69558789,8579320.603227358,8579320.603227358,1
1718272800000,67422.0,67488.8,67230.7,67387.6,58.43031393,3936132.485506579,3936132.485506579,1
1718271000000,67380.5,67444.4,67173.8,67421.8,115.57027522,7776682.854289088,7776682.854289088,1
1718269200000,67577.0,67577.0,67314.1,67380.5,78.71062628,5309803.963654163,5309803.963654163,1
1718267400000,67595.9,67633.6,67512.2,67576.9,81.46341178,5504906.695305538,5504906.695305538,1
1718265600000,67737.5,67765.4,67584.0,67595.8,81.22387017,5497444.539552252,5497444.539552252,1
1718263800000,67692.3,67743.9,67607.3,67738.3,80.2138978,5428351.531958637,5428351.531958637,1
1718262000000,67520.1,67699.9,67409.9,67692.2,76.49326756,5168128.497912118,5168128.497912118,1
1718260200000,67475.9,67579.9,67314.2,67520.0,50.63298949,3413354.814472006,3413354.814472006,1
1718258400000,67607.6,67615.6,67406.0,67476.0,93.79115421,6328711.192608338,6328711.192608338,1
1718256600000,67588.0,67702.8,67539.0,67607.5,276.40349715,18688283.997482944,18688283.997482944,1
1718254800000,67336.0,67633.8,67329.2,67587.2,78.43229988,5296059.346904236,5296059.346904236,1
1718253000000,67661.8,67670.4,67335.3,67336.0,342.92579016,23156541.674716648,23156541.674716648,1
1718251200000,67463.9,67715.2,67428.0,67669.2,113.17784379,7652210.179751349,7652210.179751349,1
1718249400000,67424.1,67498.6,66950.1,67463.9,608.96945737,40886266.871177904,40886266.871177904,1
1718247600000,67729.2,67851.7,67406.1,67431.4,151.92085181,10280021.58462106,10280021.58462106,1
1718245800000,68091.8,68175.0,67679.9,67729.3,126.80743551,8603011.262489196,8603011.262489196,1
1718244000000,67990.7,68140.8,67841.9,68091.8,135.50833947,9207931.10807639,9207931.10807639,1
1718242200000,68115.6,68179.9,67929.4,67988.9,90.33623237,6147306.760687101,6147306.760687101,1
1718240400000,68330.4,68364.2,68079.6,68115.6,50.8027485,3463938.912089894,3463938.912089894,1
1718238600000,68183.5,68401.4,68092.6,68326.3,71.96193962,4910785.265882416,4910785.265882416,1
1718236800000,68267.6,68294.9,68004.2,68183.5,70.11666614,4777476.453128418,4777476.453128418,1
1718235000000,68212.2,68280.8,68172.1,68269.8,36.60810422,2498037.448309856,2498037.448309856,1
1718233200000,68346.3,68351.9,68123.2,68212.3,40.20393797,2742566.100500013,2742566.100500013,1
1718231400000,68306.5,68381.0,68264.3,68346.3,37.48480663,2560397.027402593,2560397.027402593,1
1718229600000,68531.8,68539.9,68279.1,68306.6,67.95102969,4647842.239657491,4647842.239657491,1
1718227800000,68429.8,68666.6,68335.5,68531.8,83.81503269,5742771.081000248,5742771.081000248,1
1718226000000,68100.1,68429.9,68093.7,68429.9,60.28771706,4114469.389646248,4114469.389646248,1
1718224200000,67942.8,68300.0,67890.3,68100.1,118.2528666,8056199.549213072,8056199.549213072,1
1718222400000,67538.5,67951.6,67427.6,67942.8,177.52737823,12019496.650195224,12019496.650195224,1
1718220600000,68534.0,68586.6,67244.0,67536.4,806.53136629,54733469.8502272,54733469.8502272,1
1718218800000,68824.2,69230.6,68501.1,68523.0,280.88748332,19333800.548336335,19333800.548336335,1
1718217000000,69196.0,69393.9,68580.5,68824.2,370.72858507,25552027.573277537,25552027.573277537,1
1718215200000,69801.1,69818.7,68743.7,69189.7,938.58734391,64969414.476795636,64969414.476795636,1
1718213400000,69660.0,69871.7,69552.6,69801.1,139.63045935,9737318.19667658,9737318.19667658,1
1718211600000,69612.0,69676.6,69488.0,69660.0,96.21800854,6694473.291497626,6694473.291497626,1
1718209800000,69337.5,69655.8,69284.0,69611.9,160.27471626,11135206.701884469,11135206.701884469,1
1718208000000,69734.9,69791.2,69324.9,69332.6,156.53567346,10891540.96498994,10891540.96498994,1
1718206200000,69827.9,69830.6,69543.6,69728.9,134.14303407,9346454.196148869,9346454.196148869,1
1718204400000,69955.3,70000.0,69716.5,69827.9,162.31433212,11342471.816143448,11342471.816143448,1
1718202600000,69860.8,69980.0,69700.2,69956.8,222.4941637,15538151.511724317,15538151.511724317,1
1718200800000,69325.1,69944.0,69300.0,69860.9,264.80838314,18444433.508614056,18444433.508614056,1
1718199000000,69190.6,69517.2,69106.3,69325.1,201.07193455,13941880.204100871,13941880.204100871,1
1718197200000,69330.5,69660.0,69084.1,69190.5,393.356116,27286848.46691509,27286848.46691509,1
1718195400000,68020.1,69485.1,68020.1,69324.8,1433.86986197,98944352.69981468,98944352.69981468,1
1718193600000,67786.5,68020.0,67744.1,68019.9,136.13932138,9240046.255264007,9240046.255264007,1
1718191800000,67818.2,67870.0,67713.9,67785.5,59.07808179,4004318.836142581,4004318.836142581,1
1718190000000,68000.3,68021.1,67808.0,67819.9,43.10485128,2926787.745635354,2926787.745635354,1
1718188200000,67852.9,68055.0,67789.3,68000.1,99.19423943,6737432.489374565,6737432.489374565,1
1718186400000,67747.1,68013.3,67747.1,67853.0,278.59060931,18925206.432656366,18925206.432656366,1
1718184600000,67437.7,67800.0,67402.7,67747.1,153.90867479,10415087.652558375,10415087.652558375,1
1718182800000,67396.0,67492.6,67351.3,67437.8,67.85009281,4575667.925263217,4575667.925263217,1
1718181000000,67399.9,67463.9,67380.1,67396.0,55.67057731,3753374.626242551,3753374.626242551,1
1718179200000,67459.1,67552.4,67395.2,67400.0,272.14072747,18368473.271526244,18368473.271526244,1
1718177400000,67395.9,67492.4,67344.0,67459.2,86.2906975,5817537.005610846,5817537.005610846,1
1718175600000,67278.0,67441.5,67230.1,67394.6,102.02596786,6868020.640700207,6868020.640700207,1
1718173800000,67350.6,67395.4,67275.2,67277.9,74.98050198,5047863.218961499,5047863.218961499,1
1718172000000,67258.3,67400.0,67258.3,67350.6,284.86386931,19185486.253949884,19185486.253949884,1
1718170200000,67372.6,67444.6,67200.1,67258.4,298.48920164,20091902.123606276,20091902.123606276,1
1718168400000,67485.2,67521.0,67361.6,67372.6,265.49720007,17904632.824369844,17904632.824369844,1
1718166600000,67532.5,67606.7,67455.5,67485.1,137.03628398,9255155.86696117,9255155.86696117,1
1718164800000,67409.9,67575.7,67373.1,67532.6,136.07332639,9183461.320254508,9183461.320254508,1
1718163000000,67357.3,67470.0,67316.2,67409.9,53.13146044,3580943.933053484,3580943.933053484,1
1718161200000,67408.0,67488.9,67342.5,67359.4,65.61458935,4424230.868974456,4424230.868974456,1
1718159400000,67520.0,67566.3,67322.5,67408.0,89.44019985,6029826.330052007,6029826.330052007,1
1718157600000,67169.6,67602.7,67114.8,67520.0,308.95721767,20849303.803245835,20849303.803245835,1
1718155800000,66978.6,67191.2,66893.7,67169.6,96.08149433,6438925.315625727,6438925.315625727,1
1718154000000,67188.0,67242.9,66892.4,66978.6,197.88877253,13271141.48790973,13271141.48790973,1
1718152200000,67224.1,67307.1,67169.2,67188.0,94.85354901,6374602.361492439,6374602.361492439,1
1718150400000,67312.2,67433.4,67222.1,67224.0,42.9468245,2891923.407710292,2891923.407710292,1
1718148600000,67354.6,67387.0,67300.0,67314.5,45.41382629,3058582.434341045,3058582.434341045,1
1718146800000,67361.0,67578.0,67344.0,67354.7,117.50705694,7931696.282129662,7931696.282129662,1
1718145000000,67383.9,67384.0,67304.8,67360.9,25.87454195,1742623.94193262,1742623.94193262,1
1718143200000,67395.1,67573.9,67356.1,67383.9,73.68744864,4972602.86188757,4972602.86188757,1
1718141400000,67298.0,67395.1,67196.6,67395.0,48.13707649,3240426.518175551,3240426.518175551,1
1718139600000,67290.2,67327.4,67247.4,67298.1,27.71116104,1864614.744780604,1864614.744780604,1
1718137800000,67331.4,67331.4,67168.8,67290.2,68.95079115,4636540.077617283,4636540.077617283,1
1718136000000,67402.1,67494.4,67261.4,67331.4,87.01732401,5863723.73728531,5863723.73728531,1
1718134200000,67161.3,67585.0,67150.0,67400.1,185.77639566,12519370.06642904,12519370.06642904,1
1718132400000,67119.4,67278.5,67062.1,67161.3,92.16313132,6191775.761128845,6191775.761128845,1
1718130600000,66992.6,67232.0,66930.6,67119.3,120.60482658,8096255.256085099,8096255.256085099,1
1718128800000,66762.4,67060.2,66633.1,66991.4,135.58976285,9066936.635005658,9066936.635005658,1
1718127000000,66289.4,66800.0,66263.2,66765.9,193.05590339,12849335.457259906,12849335.457259906,1
1718125200000,66484.0,66634.4,66169.6,66289.5,147.39356349,9789811.41432564,9789811.41432564,1
1718123400000,66598.4,66737.7,66333.2,66484.0,206.93751633,13782439.743422752,13782439.743422752,1
1718121600000,66230.2,66675.1,66153.9,66598.4,394.47919653,26232787.681347948,26232787.681347948,1
1718119800000,66847.6,66879.4,66000.0,66230.3,1218.10590407,80846908.90816659,80846908.90816659,1
1718118000000,66846.1,67060.2,66627.3,66847.5,212.11886729,14181052.548822638,14181052.548822638,1
1718116200000,66923.0,67095.9,66836.5,66846.2,121.38246588,8128555.795207272,8128555.795207272,1
1718114400000,66812.0,67024.9,66771.9,66923.1,122.18456871,8176740.105493586,8176740.105493586,1
1718112600000,67253.1,67253.1,66520.0,66818.7,370.02042166,24722404.039674476,24722404.039674476,1
1718110800000,67028.2,67280.0,66860.0,67257.0,185.92099478,12481326.14481895,12481326.14481895,1
1718109000000,66816.0,67163.9,66816.0,67021.8,133.87603115,8971401.500292903,8971401.500292903,1
1718107200000,66902.5,67189.4,66800.0,66810.7,191.45548304,12825389.872953812,12825389.872953812,1
1718105400000,66934.2,67039.2,66804.0,66901.7,148.39328461,9927078.442160903,9927078.442160903,1
1718103600000,66961.1,67113.6,66764.1,66934.2,164.10263679,10982943.292398255,10982943.292398255,1
1718101800000,67269.5,67269.5,66865.2,66961.3,165.65062573,11114595.014300432,11114595.014300432,1
1718100000000,67092.4,67286.6,66728.7,67267.3,279.60750895,18748300.60009836,18748300.60009836,1
1718098200000,67372.8,67429.7,66870.1,67092.7,440.1513073,29563655.533386756,29563655.533386756,1
1718096400000,67518.2,67661.7,67320.0,67372.7,179.75296632,12126912.595943142,12126912.595943142,1
1718094600000,67450.1,67632.0,67438.7,67518.2,88.29900484,5965144.963021037,5965144.963021037,1
1718092800000,67576.2,67647.3,67278.8,67452.6,233.19827527,15723014.78744365,15723014.78744365,1
1718091000000,67849.4,67849.4,67528.0,67568.9,197.2456347,13350921.80964483,13350921.80964483,1
1718089200000,67716.0,67849.4,67562.8,67849.4,451.9954156,30624966.59926097,30624966.59926097,1
1718087400000,67694.9,67760.0,67300.9,67730.0,530.29366829,35851521.44859051,35851521.44859051,1
1718085600000,67900.1,67979.6,67530.0,67694.8,255.36115934,17294436.761805374,17294436.761805374,1
1718083800000,67875.0,67907.1,67658.0,67900.1,187.18992606,12687395.083046133,12687395.083046133,1
1718082000000,68037.5,68104.6,67838.1,67876.6,222.8427973,15149506.185407655,15149506.185407655,1
1718080200000,67944.1,68148.3,67657.4,68037.5,477.17730175,32458417.443100456,32458417.443100456,1
1718078400000,68464.8,68464.8,67618.2,67944.2,1031.06244316,70163794.96996541,70163794.96996541,1
1718076600000,68455.9,68469.3,68290.3,68464.8,163.50159387,11180768.954373272,11180768.954373272,1
1718074800000,68262.7,68484.7,68168.1,68453.7,195.45407262,13356370.724994691,13356370.724994691,1
1718073000000,68155.6,68333.3,67979.2,68262.6,265.63999067,18095959.899481058,18095959.899481058,1
1718071200000,68712.0,68931.6,67891.0,68155.6,1262.27345778,86261798.93680072,86261798.93680072,1
1718069400000,69439.0,69475.6,68395.0,68712.1,1557.53857508,107257073.32257439,107257073.32257439,1
1718067600000,69416.6,69523.5,69378.6,69440.0,72.78452828,5053080.478740603,5053080.478740603,1
1718065800000,69488.6,69539.9,69400.0,69416.5,80.773821,5610402.982726432,5610402.982726432,1
1718064000000,69545.0,69583.5,69490.3,69490.3,34.62804894,2408182.637215408,2408182.637215408,1
1718062200000,69488.2,69574.7,69420.0,69545.0,229.71635119,15965631.873003911,15965631.873003911,1
1718060400000,69495.7,69562.3,69399.9,69488.2,167.60417665,11646690.755063172,11646690.755063172,1
1718058600000,69546.6,69546.6,69415.3,69495.6,30.65316033,2129123.340192173,2129123.340192173,1
1718056800000,69579.0,69591.1,69464.0,69546.6,23.05210724,1602724.806038928,1602724.806038928,1
1718055000000,69556.0,69603.2,69533.0,69579.0,22.06074556,1534797.976162598,1534797.976162598,1
1718053200000,69620.6,69685.3,69526.6,69556.0,25.31366415,1761957.516986293,1761957.516986293,1
1718051400000,69587.1,69684.8,69569.6,69620.6,77.930556,5425554.417513967,5425554.417513967,1
1718049600000,69496.3,69588.2,69333.0,69587.0,134.32713171,9325254.952087102,9325254.952087102,1
1718047800000,69754.1,69754.1,69384.6,69496.3,129.69997484,9021126.59661842,9021126.59661842,1
1718046000000,69850.8,69850.8,69504.0,69757.4,80.33792825,5597125.189887122,5597125.189887122,1
1718044200000,69864.0,69941.7,69725.4,69850.7,45.33839256,3166714.926391335,3166714.926391335,1
1718042400000,70032.0,70120.0,69860.0,69864.0,112.87701587,7899548.178784804,7899548.178784804,1
1718040600000,69863.1,70060.0,69816.1,70031.9,54.14531612,3786029.685243089,3786029.685243089,1
1718038800000,69973.8,69981.5,69755.0,69863.1,79.47872129,5554288.821280594,5554288.821280594,1
1718037000000,69804.1,70029.3,69720.1,69973.8,65.38143353,4569970.024215616,4569970.024215616,1
1718035200000,70058.6,70105.1,69721.0,69804.2,125.31204824,8760898.763038276,8760898.763038276,1
1718033400000,69883.8,70186.2,69825.0,70058.6,273.57215282,19159896.520750303,19159896.520750303,1
1718031600000,69671.0,70000.0,69606.0,69883.8,233.89249761,16339183.619465603,16339183.619465603,1
1718029800000,69456.9,69675.8,69410.6,69670.9,168.90086385,11755109.727055956,11755109.727055956,1
1718028000000,69414.8,69474.2,69296.5,69456.9,69.1605507,4798482.010244531,4798482.010244531,1
1718026200000,69331.7,69516.0,69216.7,69414.8,95.93345541,6657565.863407749,6657565.863407749,1
1718024400000,69366.7,69400.1,69264.4,69331.7,72.35162543,5015023.531196314,5015023.531196314,1
1718022600000,69520.0,69520.0,69326.4,69366.7,24.73526126,1717537.925200702,1717537.925200702,1
1718020800000,69472.1,69520.0,69348.0,69519.9,32.48863202,2255742.924064205,2255742.924064205,1
1718019000000,69369.4,69560.0,69333.0,69472.0,94.29231819,6550214.460137616,6550214.460137616,1
1718017200000,69436.3,69437.4,69358.4,69369.4,28.35256971,1967494.860862163,1967494.860862163,1
1718015400000,69356.0,69437.9,69351.5,69436.2,36.35715873,2522746.044575718,2522746.044575718,1
1718013600000,69448.2,69477.1,69355.9,69356.0,33.57761824,2330956.00121671,2330956.00121671,1
1718011800000,69288.9,69473.0,69156.1,69448.3,106.9298017,7415593.561129649,7415593.561129649,1
1718010000000,69392.9,69437.8,69270.0,69289.0,76.03857945,5274241.977461069,5274241.977461069,1
1718008200000,69466.7,69497.1,69393.6,69393.6,29.22634138,2030184.837962669,2030184.837962669,1
1718006400000,69292.6,69486.0,69279.8,69463.6,53.57800786,3719268.84822059,3719268.84822059,1
1718004600000,69466.0,69475.0,69203.5,69292.0,100.59705759,6974727.013775191,6974727.013775191,1
1718002800000,69428.8,69509.1,69329.8,69466.1,38.7231034,2687865.512866231,2687865.512866231,1
1718001000000,69561.4,69583.1,69331.1,69428.7,112.91832333,7842060.67369333,7842060.67369333,1
1717999200000,69564.8,69612.2,69484.1,69562.0,41.48720869,2885048.111204666,2885048.111204666,1
1717997400000,69550.1,69595.7,69526.6,69564.7,23.90523105,1662746.833715096,1662746.833715096,1
1717995600000,69672.5,69672.5,69550.1,69550.1,21.49333859,1496421.804220476,1496421.804220476,1
1717993800000,69626.6,69701.4,69626.6,69672.5,80.45318096,5604802.109061784,5604802.109061784,1
1717992000000,69613.8,69640.9,69507.8,69626.6,129.78382787,9031963.94814568,9031963.94814568,1
1717990200000,69735.4,69744.0,69572.9,69613.7,41.66330249,2901916.112008119,2901916.112008119,1
1717988400000,69708.2,69775.9,69663.4,69735.4,48.44397408,3377263.795997749,3377263.795997749,1
1717986600000,69758.5,69798.9,69684.1,69708.2,57.29955843,3995477.594102451,3995477.594102451,1
1717984800000,69619.7,69779.9,69600.0,69758.6,44.25515144,3084869.459913474,3084869.459913474,1
1717983000000,69580.6,69677.6,69562.6,69619.7,41.83570764,2913125.034984058,2913125.034984058,1
1717981200000,69563.9,69607.8,69512.0,69580.7,46.46432202,3232223.595704452,3232223.595704452,1
1717979400000,69493.2,69564.0,69413.8,69563.9,41.94191171,2914066.953619974,2914066.953619974,1
1717977600000,69641.8,69652.9,69479.7,69493.2,25.74823671,1790858.135383858,1790858.135383858,1
1717975800000,69652.9,69685.5,69628.7,69641.8,14.50727986,1010499.128795977,1010499.128795977,1
1717974000000,69636.3,69666.5,69593.5,69651.0,10.94646843,762148.855725747,762148.855725747,1
1717972200000,69630.0,69676.1,69617.9,69633.6,13.52206882,941702.201964565,941702.201964565,1
1717970400000,69744.3,69788.3,69630.0,69630.0,34.10328069,2377889.782257885,2377889.782257885,1
1717968600000,69720.0,69818.0,69605.9,69744.3,34.37320555,2396256.229866684,2396256.229866684,1
1717966800000,69684.9,69730.5,69672.8,69720.0,14.47257084,1008860.279512526,1008860.279512526,1
1717965000000,69672.1,69705.7,69591.5,69684.8,18.68200263,1300867.389401954,1300867.389401954,1
1717963200000,69707.3,69730.5,69629.0,69672.2,34.58884444,2409655.49151498,2409655.49151498,1
1717961400000,69831.9,69839.6,69645.0,69707.2,48.67344417,3393095.395890717,3393095.395890717,1
1717959600000,69740.9,69846.3,69720.0,69832.0,42.86620633,2992251.922918472,2992251.922918472,1
1717957800000,69780.0,69810.8,69677.7,69741.0,22.95873002,1600932.101648027,1600932.101648027,1
1717956000000,69657.0,69850.0,69604.4,69780.1,48.00934349,3349437.463891252,3349437.463891252,1
1717954200000,69580.0,69668.1,69563.4,69657.1,21.04126373,1464535.232857015,1464535.232857015,1
1717952400000,69615.0,69698.4,69570.2,69580.0,35.45365083,2468616.336070112,2468616.336070112,1
1717950600000,69573.7,69640.4,69548.2,69614.9,25.71088046,1789420.525958516,1789420.525958516,1
1717948800000,69508.6,69621.6,69493.8,69573.7,154.60666521,10758950.500541018,10758950.500541018,1
1717947000000,69472.1,69568.6,69472.0,69508.5,52.6496678,3660592.914177141,3660592.914177141,1
1717945200000,69489.0,69584.0,69425.1,69472.1,65.21468863,4534722.26805189,4534722.26805189,1
1717943400000,69324.3,69491.9,69264.7,69489.0,42.90341049,2977656.875636826,2977656.875636826,1
1717941600000,69453.3,69565.2,69300.0,69324.3,55.80736458,3876375.660076831,3876375.660076831,1
1717939800000,69485.1,69485.1,69253.0,69453.3,63.31414666,4391650.144367525,4391650.144367525,1
1717938000000,69700.0,69775.0,69391.9,69489.4,95.0463492,6614876.707338916,6614876.707338916,1
1717936200000,69360.0,69773.2,69356.8,69697.9,143.45755182,9986969.418337004,9986969.418337004,1
1717934400000,69368.9,69385.5,69356.5,69360.0,20.85674496,1446948.065581969,1446948.065581969,1
1717932600000,69352.9,69396.0,69339.2,69368.8,27.72056567,1922841.392006992,1922841.392006992,1
1717930800000,69351.4,69371.5,69327.6,69353.0,13.88026876,962540.035222602,962540.035222602,1
1717929000000,69344.1,69362.6,69325.0,69351.3,10.603372,735263.134246296,735263.134246296,1
1717927200000,69365.0,69378.3,69324.9,69344.0,13.13423168,910818.966115657,910818.966115657,1
1717925400000,69359.9,69404.2,69338.6,69365.0,15.56260756,1079574.685070474,1079574.685070474,1
1717923600000,69357.9,69377.4,69343.3,69360.0,22.14816052,1536212.031485725,1536212.031485725,1
1717921800000,69315.0,69366.2,69315.0,69357.8,16.36819556,1134980.275009637,1134980.275009637,1
1717920000000,69304.9,69350.5,69285.8,69315.1,26.69983359,1850691.46962691,1850691.46962691,1
1717918200000,69369.6,69400.6,69285.5,69304.8,41.03940269,2846317.253167864,2846317.253167864,1
1717916400000,69389.9,69435.1,69363.4,69369.6,47.01259168,3262641.871464222,3262641.871464222,1
1717914600000,69369.7,69400.0,69324.0,69389.9,24.08256844,1670279.70567587,1670279.70567587,1
1717912800000,69300.9,69369.9,69288.0,69369.7,21.20378649,1470123.940043984,1470123.940043984,1
1717911000000,69297.9,69373.8,69297.9,69300.9,23.17845769,1606953.473269708,1606953.473269708,1
1717909200000,69308.7,69309.9,69234.6,69297.9,8.34703152,578113.510614994,578113.510614994,1
1717907400000,69303.3,69308.7,69269.3,69308.6,14.55795081,1008707.420547624,1008707.420547624,1
1717905600000,69261.8,69314.3,69245.2,69303.1,9.26520234,641837.589135513,641837.589135513,1
1717903800000,69203.9,69300.0,69180.4,69261.8,24.75309814,1714308.556742629,1714308.556742629,1
1717902000000,69173.5,69225.7,69134.0,69204.0,26.53651966,1836232.727567162,1836232.727567162,1
1717900200000,69228.2,69263.5,69155.9,69173.5,46.04252316,3185873.507435367,3185873.507435367,1
1717898400000,69282.9,69304.0,69215.2,69228.2,13.8594155,959729.84439942,959729.84439942,1
1717896600000,69289.6,69351.4,69277.7,69282.8,10.81390226,749504.988146157,749504.988146157,1
1717894800000,69277.8,69292.2,69228.2,69289.6,24.61240342,1704533.638303099,1704533.638303099,1
1717893000000,69272.6,69332.2,69241.6,69277.7,15.48601641,1073021.097288883,1073021.097288883,1
1717891200000,69311.5,69313.8,69248.2,69272.5,29.12308909,2017828.80397196,2017828.80397196,1
1717889400000,69306.1,69375.1,69289.3,69311.5,66.32416599,4599046.483598102,4599046.483598102,1
1717887600000,69335.6,69340.0,69288.4,69306.1,21.83536261,1513521.771167812,1513521.771167812,1
1717885800000,69294.0,69341.7,69289.7,69335.6,15.57177803,1079369.636253917,1079369.636253917,1
1717884000000,69399.1,69413.7,69281.2,69293.9,40.63710294,2818851.301621603,2818851.301621603,1
1717882200000,69398.1,69450.1,69365.1,69399.1,88.65391075,6155310.538905962,6155310.538905962,1
1717880400000,69361.5,69400.3,69312.0,69398.2,42.08638432,2919378.832512013,2919378.832512013,1
1717878600000,69396.5,69396.5,69308.2,69361.5,19.63859284,1361981.68079267,1361981.68079267,1
1717876800000,69452.7,69475.0,69397.8,69397.8,21.19824919,1472149.991312741,1472149.991312741,1
1717875000000,69472.0,69484.2,69418.5,69452.6,23.19539638,1611020.040687761,1611020.040687761,1
1717873200000,69454.2,69495.3,69454.2,69471.9,19.89740104,1382383.355646768,1382383.355646768,1
1717871400000,69481.0,69485.7,69434.4,69453.5,18.64600569,1294980.200644207,1294980.200644207,1
1717869600000,69443.7,69504.2,69398.6,69480.9,456.04163402,31686312.517920732,31686312.517920732,1
1717867800000,69402.1,69470.8,69335.1,69443.6,41.81754214,2903548.128174106,2903548.128174106,1
1717866000000,69385.1,69460.5,69365.8,69402.1,59.36064716,4121228.229988567,4121228.229988567,1
1717864200000,69337.9,69407.4,69317.8,69385.1,45.71715731,3171132.331635995,3171132.331635995,1
1717862400000,69420.9,69473.0,69297.2,69337.8,216.63671948,15023270.611833189,15023270.611833189,1
1717860600000,69453.8,69490.1,69410.4,69420.8,41.54429687,2885138.984589601,2885138.984589601,1
1717858800000,69463.7,69497.1,69406.5,69453.8,36.19868894,2514319.602462983,2514319.602462983,1
1717857000000,69332.1,69470.2,69325.8,69463.6,56.88122738,3948716.136223047,3948716.136223047,1
1717855200000,69423.4,69427.2,69305.9,69332.0,41.20843051,2858589.902302326,2858589.902302326,1
1717853400000,69231.3,69428.0,69136.4,69421.4,133.15227638,9225528.931209896,9225528.931209896,1
1717851600000,69348.3,69359.7,69211.0,69231.9,69.46164137,4810778.766378984,4810778.766378984,1
1717849800000,69350.0,69375.0,69277.5,69348.3,35.13400483,2435831.926608906,2435831.926608906,1
1717848000000,69364.2,69436.3,69270.0,69347.9,57.81191964,4009008.229913799,4009008.229913799,1
1717846200000,69497.1,69523.0,69308.6,69365.9,95.8394319,6654144.427153529,6654144.427153529,1
1717844400000,69455.9,69516.0,69450.0,69497.0,44.7894511,3112561.740366775,3112561.740366775,1
1717842600000,69356.6,69500.0,69353.7,69455.8,34.26376146,2378662.145987993,2378662.145987993,1
1717840800000,69440.2,69463.3,69350.1,69356.5,39.59650175,2747722.50554863,2747722.50554863,1
1717839000000,69442.7,69492.0,69402.3,69440.2,40.32008987,2799499.893551626,2799499.893551626,1
1717837200000,69429.9,69468.8,69369.0,69442.6,39.39673478,2735221.251900969,2735221.251900969,1
1717835400000,69426.6,69463.3,69372.2,69429.9,50.32615196,3493396.44719902,3493396.44719902,1
1717833600000,69589.6,69589.6,69407.3,69426.7,50.96625759,3540999.991750716,3540999.991750716,1
1717831800000,69502.3,69589.6,69447.9,69589.5,109.19843848,7592406.455413119,7592406.455413119,1
1717830000000,69336.9,69511.0,69336.8,69502.3,106.99972225,7429358.547733653,7429358.547733653,1
1717828200000,69406.7,69417.4,69316.0,69336.8,22.83612947,1584329.421123211,1584329.421123211,1
1717826400000,69312.2,69408.7,69286.8,69406.7,32.45503123,2250898.381126081,2250898.381126081,1
1717824600000,69312.9,69345.2,69256.0,69312.2,28.64181624,1984943.198618771,1984943.198618771,1
1717822800000,69308.0,69322.6,69228.1,69312.9,47.7880943,3311026.626681208,3311026.626681208,1
1717821000000,69362.2,69373.4,69275.0,69308.0,32.65030067,2263587.781226202,2263587.781226202,1
1717819200000,69422.6,69461.8,69349.7,69362.2,22.10236117,1533890.194672955,1533890.194672955,1
1717817400000,69497.1,69529.9,69407.1,69422.5,47.95925655,3332300.569113553,3332300.569113553,1
1717815600000,69426.2,69497.1,69412.0,69497.1,60.23990013,4183533.213632513,4183533.213632513,1
1717813800000,69397.5,69438.5,69390.4,69426.2,59.43839564,4126323.705049532,4126323.705049532,1
1717812000000,69466.6,69466.6,69380.0,69397.5,44.31306074,3076121.22865971,3076121.22865971,1
1717810200000,69386.3,69472.7,69380.0,69466.5,43.25375947,3003565.845492097,3003565.845492097,1
1717808400000,69393.5,69441.1,69292.3,69386.4,41.96968727,2911854.925575003,2911854.925575003,1
1717806600000,69460.1,69482.6,69388.0,69396.0,55.88439995,3880072.526415966,3880072.526415966,1
1717804800000,69348.0,69460.1,69289.0,69460.0,117.92339116,8179232.155838531,8179232.155838531,1
1717803000000,69327.7,69389.7,69306.6,69348.0,29.53208873,2048006.430569946,2048006.430569946,1
1717801200000,69500.2,69500.2,69321.8,69327.7,31.73495137,2202688.124897456,2202688.124897456,1
1717799400000,69347.2,69536.4,69333.4,69500.3,75.59701515,5249118.003265511,5249118.003265511,1
1717797600000,69240.7,69371.0,69180.7,69347.1,40.6237047,2814235.967132721,2814235.967132721,1
1717795800000,69360.1,69360.1,69209.9,69240.7,43.32301533,3000385.794656459,3000385.794656459,1
1717794000000,69308.1,69384.4,69200.1,69360.1,44.3625854,3075033.579792373,3075033.579792373,1
1717792200000,69070.9,69322.0,69008.6,69308.5,142.87754955,9880237.506656945,9880237.506656945,1
1717790400000,69260.1,69270.0,68972.0,69071.0,242.95382535,16785700.67404496,16785700.67404496,1
1717788600000,69180.0,69450.0,69145.3,69256.0,376.14314047,26071386.552649673,26071386.552649673,1
1717786800000,69148.3,69180.0,68800.0,69180.0,383.56553947,26456786.607744645,26456786.607744645,1
1717785000000,69024.4,69316.0,68864.8,69150.8,473.83161428,32754274.474365316,32754274.474365316,1
1717783200000,69791.0,69878.2,68300.0,69024.5,2042.60030524,141288830.88491586,141288830.88491586,1
1717781400000,70435.3,70521.4,69775.3,69791.0,414.29718806,29067554.431056734,29067554.431056734,1
1717779600000,70869.8,70869.8,70352.0,70435.4,479.54298793,33865044.8553676,33865044.8553676,1
1717777800000,71183.0,71212.1,70778.2,70868.9,152.19910255,10789009.00930758,10789009.00930758,1
1717776000000,71108.6,71207.4,70937.8,71181.8,82.61056362,5871588.321830285,5871588.321830285,1
1717774200000,71084.3,71142.2,70851.2,71108.6,175.49625727,12462613.635082342,12462613.635082342,1
1717772400000,71420.0,71420.0,70972.1,71084.4,218.80441865,15571876.331371976,15571876.331371976,1
1717770600000,71335.0,71540.0,71253.2,71420.0,113.35241508,8097890.40680628,8097890.40680628,1
1717768800000,71526.3,71538.0,71168.8,71335.4,139.3590115,9944463.72710438,9944463.72710438,1
1717767000000,71371.2,71640.0,71200.1,71528.4,247.72560947,17708681.431460693,17708681.431460693,1
1717765200000,71227.9,71408.0,71046.5,71371.3,215.45239631,15353818.85520036,15353818.85520036,1
1717763400000,71925.2,71997.0,70601.0,71225.9,1580.76429589,112423130.53325038,112423130.53325038,1
1717761600000,71717.3,71978.0,71584.5,71928.0,438.1200813,31475066.3634469,31475066.3634469,1
1717759800000,71404.3,71720.0,71404.3,71717.3,281.32094845,20132839.040919777,20132839.040919777,1
1717758000000,71376.4,71416.9,71302.2,71404.4,135.89985811,9700649.629353074,9700649.629353074,1
1717756200000,71258.5,71437.2,71200.1,71376.4,57.76436796,4119723.13932817,4119723.13932817,1
1717754400000,71296.4,71371.0,71249.4,71258.5,62.62662095,4466003.39222294,4466003.39222294,1
1717752600000,71214.9,71321.3,71131.0,71301.8,346.51483883,24677998.520937726,24677998.520937726,1
1717750800000,71119.9,71215.0,71060.0,71214.9,116.32300413,8273799.22602063,8273799.22602063,1
1717749000000,71167.4,71167.4,71076.3,71116.4,78.61873604,5590916.124317268,5590916.124317268,1
1717747200000,71104.1,71198.6,71048.1,71167.5,69.57333997,4947103.93657381,4947103.93657381,1
1717745400000,71272.0,71274.4,71055.4,71104.0,177.22778192,12607528.651683217,12607528.651683217,1
1717743600000,71273.5,71310.8,71171.0,71273.6,150.92787668,10752415.814455584,10752415.814455584,1
1717741800000,71248.8,71327.9,71164.3,71273.4,53.7562662,3830779.063351475,3830779.063351475,1
1717740000000,71300.0,71359.4,71221.8,71248.8,42.3902589,3021119.470101152,3021119.470101152,1
1717738200000,71315.7,71450.0,71265.2,71300.0,101.69872,7258437.275505891,7258437.275505891,1
1717736400000,71216.2,71355.7,71161.8,71314.5,132.18217929,9417673.541744893,9417673.541744893,1
1717734600000,71163.7,71263.1,71108.5,71216.1,66.21929905,4713823.417101585,4713823.417101585,1
1717732800000,70996.0,71230.0,70995.9,71162.8,167.72850498,11934690.08961933,11934690.08961933,1
1717731000000,70989.9,71027.3,70908.9,70995.9,66.08763526,4689338.137980215,4689338.137980215,1
1717729200000,70825.1,70990.0,70744.2,70989.9,94.21733448,6675512.670456108,6675512.670456108,1
1717727400000,70760.0,70827.9,70666.6,70825.1,59.41535136,4203651.046164176,4203651.046164176,1
1717725600000,70837.9,70873.2,70758.0,70760.0,36.52780634,2586194.356183865,2586194.356183865,1
1717723800000,70750.8,70911.6,70666.8,70837.8,61.0838621,4323446.867713176,4323446.867713176,1
1717722000000,70878.9,70882.8,70704.3,70750.7,45.37226934,3212294.564320942,3212294.564320942,1
1717720200000,70832.0,70882.8,70815.1,70878.9,42.6263728,3020347.40690238,3020347.40690238,1
1717718400000,70791.4,70869.7,70736.5,70832.0,40.71882402,2883137.729003997,2883137.729003997,1
1717716600000,70804.2,70844.2,70751.4,70791.4,43.26017991,3062905.978503817,3062905.978503817,1
1717714800000,70888.8,70948.4,70751.9,70804.3,41.96814486,2974129.372509014,2974129.372509014,1
1717713000000,70747.0,70888.8,70747.0,70888.8,102.23331064,7241280.613271142,7241280.613271142,1
1717711200000,70738.3,70813.1,70665.8,70744.0,42.32324317,2994947.51690634,2994947.51690634,1
1717709400000,70694.2,70834.4,70694.2,70738.4,32.30736797,2286068.014519671,2286068.014519671,1
1717707600000,70723.2,70859.5,70663.2,70694.3,49.55839646,3507183.99521103,3507183.99521103,1
1717705800000,70583.7,70744.0,70583.7,70723.1,77.97821029,5511340.20408885,5511340.20408885,1
1717704000000,70479.1,70660.6,70120.0,70583.6,265.92218376,18710950.444373064,18710950.444373064,1
1717702200000,70956.0,70956.0,70450.6,70478.8,311.30318479,21994213.595327213,21994213.595327213,1
1717700400000,71076.5,71083.2,70888.0,70956.0,91.52339854,6493890.238666419,6493890.238666419,1
1717698600000,71030.1,71136.3,70959.7,71076.4,31.91597084,2267876.764062247,2267876.764062247,1
1717696800000,71107.1,71164.9,70864.0,71030.1,49.32203635,3500177.630770185,3500177.630770185,1
1717695000000,71179.8,71212.0,70966.7,71107.1,125.83327635,8943531.978061495,8943531.978061495,1
1717693200000,70944.0,71228.2,70800.0,71179.7,133.79799259,9493354.15652647,9493354.15652647,1
1717691400000,71056.1,71078.9,70829.0,70943.9,274.30370426,19463734.243915807,19463734.243915807,1
1717689600000,71302.3,71382.5,71050.0,71056.0,155.927613,11096762.20570798,11096762.20570798,1
1717687800000,71591.2,71634.0,71248.6,71302.2,118.57464795,8473700.087244473,8473700.087244473,1
1717686000000,71455.9,71651.5,71337.1,71584.6,143.97286025,10293329.00547425,10293329.00547425,1
1717684200000,71189.9,71517.0,71181.8,71456.0,212.10166761,15139762.036084028,15139762.036084028,1
1717682400000,71118.7,71236.0,71015.0,71189.9,126.09865373,8967308.545785397,8967308.545785397,1
1717680600000,71168.9,71540.0,71086.9,71118.7,221.66004658,15817528.693403358,15817528.693403358,1
1717678800000,71188.4,71261.8,71001.1,71168.9,91.38138624,6497351.020400576,6497351.020400576,1
1717677000000,71361.2,71450.0,71053.9,71189.9,162.91791049,11599686.652543064,11599686.652543064,1
1717675200000,71162.8,71399.0,71111.2,71361.2,102.52793824,7304930.487015903,7304930.487015903,1
1717673400000,71006.8,71188.0,70994.7,71162.7,64.39433544,4578198.911101459,4578198.911101459,1
1717671600000,70991.5,71100.0,70925.0,71005.8,58.95449134,4186064.771920843,4186064.771920843,1
1717669800000,70938.7,71006.5,70893.4,70988.0,51.88517815,3680819.290375239,3680819.290375239,1
1717668000000,70979.9,71010.4,70885.0,70938.6,54.09412566,3836863.720442668,3836863.720442668,1
1717666200000,70995.9,70999.9,70904.5,70977.0,101.07165449,7171389.350719128,7171389.350719128,1
1717664400000,70900.0,71140.6,70900.0,70995.9,109.32093243,7764666.753817565,7764666.753817565,1
1717662600000,70979.2,70981.5,70853.9,70899.9,68.09004019,4827982.286033617,4827982.286033617,1
1717660800000,71020.3,71039.6,70874.0,70984.9,75.95197179,5387971.565335421,5387971.565335421,1
1717659000000,70891.0,71067.9,70878.0,71020.4,59.56624383,4227342.988924254,4227342.988924254,1
1717657200000,70893.9,70975.0,70853.0,70891.1,41.65063282,2953922.579400238,2953922.579400238,1
1717655400000,70955.2,70955.2,70802.3,70895.2,68.84363875,4878822.355539967,4878822.355539967,1
1717653600000,70900.5,71038.8,70884.3,70956.3,93.46408108,6631961.59417593,6631961.59417593,1
1717651800000,70838.0,70936.3,70810.2,70901.3,77.09495345,5463955.544867235,5463955.544867235,1
1717650000000,71052.7,71084.2,70826.1,70838.0,63.24994314,4485233.065914835,4485233.065914835,1
1717648200000,70960.1,71111.3,70935.8,71052.7,29.7004348,2109767.039018402,2109767.039018402,1
1717646400000,71049.3,71068.3,70914.0,70960.1,62.73957833,4453290.785143164,4453290.785143164,1
1717644600000,71163.2,71174.9,71016.2,71049.2,55.65927146,3956384.896101199,3956384.896101199,1
1717642800000,71161.0,71188.2,71132.0,71163.2,27.20470355,1935971.507416695,1935971.507416695,1
1717641000000,71210.0,71235.5,71124.3,71160.9,65.10765462,4633336.96223864,4633336.96223864,1
1717639200000,71128.0,71241.1,71099.9,71212.0,31.69707517,2256144.398376556,2256144.398376556,1
1717637400000,71099.4,71187.5,71073.9,71126.6,36.54625999,2600179.026446198,2600179.026446198,1
1717635600000,71021.6,71145.1,70900.3,71101.2,50.25215995,3568073.768035897,3568073.768035897,1
1717633800000,71157.9,71189.8,70957.6,71021.6,52.27457085,3714099.390835755,3714099.390835755,1
1717632000000,71105.5,71186.7,71090.7,71157.8,37.63022367,2676847.085863006,2676847.085863006,1
1717630200000,70852.5,71177.6,70795.8,71112.0,80.09536569,5688591.228401784,5688591.228401784,1
1717628400000,71143.9,71293.7,70708.0,70852.4,174.55656758,12382000.080737945,12382000.080737945,1
1717626600000,71128.0,71279.9,71105.2,71143.9,31.33140269,2229904.814020244,2229904.814020244,1
1717624800000,71149.0,71263.2,71093.7,71127.9,27.01681961,1923119.817717044,1923119.817717044,1
1717623000000,71054.6,71195.6,71030.5,71149.0,32.35661697,2300737.485579429,2300737.485579429,1
1717621200000,71197.3,71219.9,71048.0,71054.7,40.12054457,2854033.747578449,2854033.747578449,1
1717619400000,71261.3,71271.7,71174.5,71197.4,39.27567009,2797594.272518849,2797594.272518849,1
1717617600000,71286.5,71368.0,71161.9,71261.3,211.36895465,15063088.07724269,15063088.07724269,1
1717615800000,70941.4,71420.0,70909.3,71286.4,406.68171397,28962589.077955063,28962589.077955063,1
1717614000000,71096.4,71179.7,70865.5,70941.5,193.23272919,13721215.63325559,13721215.63325559,1
1717612200000,71130.4,71225.2,70900.0,71100.4,207.78794451,14769611.559623366,14769611.559623366,1
1717610400000,71629.8,71744.9,71075.4,71130.4,193.51325106,13803815.63027341,13803815.63027341,1
1717608600000,71435.8,71717.0,71404.1,71631.6,105.29553982,7537299.224869408,7537299.224869408,1
1717606800000,71312.7,71594.9,71235.2,71435.8,162.2789952,11596374.229906116,11596374.229906116,1
1717605000000,71644.6,71695.0,71266.1,71312.8,149.15254074,10660449.387883427,10660449.387883427,1
1717603200000,71567.2,71754.7,71401.6,71650.8,176.03034011,12605885.866472965,12605885.866472965,1
1717601400000,71535.8,71717.9,71348.7,71567.3,258.91350792,18522432.168302838,18522432.168302838,1
1717599600000,70868.0,71560.0,70761.9,71535.8,350.67349244,24995296.99751413,24995296.99751413,1
1717597800000,70730.0,71063.9,70691.2,70863.9,419.4967094,29737635.94111409,29737635.94111409,1
1717596000000,70724.2,70767.4,70376.0,70730.0,490.01777743,34583568.3544943,34583568.3544943,1
1717594200000,71118.9,71118.9,70600.0,70722.4,274.66258682,19437015.781370007,19437015.781370007,1
1717592400000,70938.6,71175.0,70883.2,71119.3,119.7860609,8509873.93093598,8509873.93093598,1
1717590600000,70763.8,71120.1,70650.0,70938.6,160.64894255,11393787.747062085,11393787.747062085,1
1717588800000,70970.6,71033.9,70648.1,70763.9,127.47527948,9031209.478085104,9031209.478085104,1
1717587000000,70902.5,71097.9,70855.9,70967.2,60.6109113,4301791.05882376,4301791.05882376,1
1717585200000,70800.5,71000.0,70700.0,70900.2,66.59843337,4718524.569728811,4718524.569728811,1
1717583400000,70779.8,70912.2,70720.0,70800.5,56.62252296,4009439.448514504,4009439.448514504,1
1717581600000,70900.0,70927.8,70730.6,70779.9,65.40429154,4631482.800278559,4631482.800278559,1
1717579800000,70995.0,71019.1,70822.2,70900.0,99.79380417,7074300.322391839,7074300.322391839,1
1717578000000,70936.9,71031.3,70868.0,70995.0,74.92111091,5316482.694253049,5316482.694253049,1
1717576200000,71100.0,71130.5,70884.0,70937.0,92.9051188,6595507.646470107,6595507.646470107,1
1717574400000,71200.8,71243.1,71030.8,71096.9,82.89608151,5893263.223256874,5893263.223256874,1
1717572600000,71071.4,71371.3,71030.5,71200.7,211.42889464,15056675.589549594,15056675.589549594,1
1717570800000,71114.7,71207.0,71063.0,71071.4,164.00121435,11668949.17518449,11668949.17518449,1
1717569000000,70967.0,71148.2,70885.1,71115.0,157.21986093,11161808.681478938,11161808.681478938,1
1717567200000,70991.4,71015.5,70822.7,70967.5,153.06032865,10851758.35348325,10851758.35348325,1
1717565400000,71045.2,71050.0,70891.5,70991.9,68.75286634,4880144.338856127,4880144.338856127,1
1717563600000,71179.3,71207.7,70888.5,71045.2,212.08555396,15068992.242056355,15068992.242056355,1
1717561800000,71040.6,71255.0,71016.0,71179.2,336.46350647,23944485.1285409,23944485.1285409,1
1717560000000,70955.9,71048.0,70827.1,71040.6,146.26889267,10381096.10541245,10381096.10541245,1
1717558200000,70866.0,70996.7,70767.9,70956.0,174.49725583,12369225.663546586,12369225.663546586,1
1717556400000,70839.8,70943.9,70769.2,70867.3,64.61530596,4578180.112540133,4578180.112540133,1
1717554600000,70971.7,71146.9,70821.9,70839.7,114.96618544,8158451.679473934,8158451.679473934,1
1717552800000,70963.6,71004.0,70648.0,70971.6,254.33052959,18027664.491769362,18027664.491769362,1
1717551000000,70978.8,71306.1,70875.0,70967.2,271.50765515,19299995.542478632,19299995.542478632,1
1717549200000,70775.0,71000.0,70644.0,70978.8,259.37719675,18388685.19467242,18388685.19467242,1
1717547400000,70618.2,70893.3,70545.5,70772.6,223.87572934,15838413.245211974,15838413.245211974,1
1717545600000,70532.2,70651.8,70424.1,70618.2,152.70190902,10778083.494593045,10778083.494593045,1
1717543800000,70406.1,70615.2,70406.1,70532.3,189.82565872,13392382.04691991,13392382.04691991,1
1717542000000,70566.3,70586.6,70404.2,70406.0,65.32138447,4606263.915894628,4606263.915894628,1
1717540200000,70651.0,70700.0,70500.3,70566.2,66.04473513,4661146.072522088,4661146.072522088,1
1717538400000,70619.0,70742.8,70516.7,70651.0,108.93103836,7695091.624445169,7695091.624445169,1
1717536600000,70491.9,70631.0,70427.6,70619.0,103.67460265,7310647.732718233,7310647.732718233,1
1717534800000,70401.2,70492.5,70341.7,70491.9,33.99768584,2393758.230934533,2393758.230934533,1
1717533000000,70256.9,70549.1,70218.4,70401.2,73.43064016,5168471.895623908,5168471.895623908,1
1717531200000,70437.5,70458.8,70167.6,70257.0,223.95046359,15736463.688772935,15736463.688772935,1
1717529400000,70478.6,70521.8,70087.6,70435.9,416.53414674,29298036.35055617,29298036.35055617,1
1717527600000,70707.5,70736.0,70463.6,70478.7,237.46671548,16766695.610956397,16766695.610956397,1
1717525800000,70934.7,71008.0,70704.6,70707.5,163.93262019,11617233.04188957,11617233.04188957,1
1717524000000,70565.6,71071.9,70565.6,70934.5,312.80567974,22177552.871134344,22177552.871134344,1
1717522200000,70488.3,70699.0,70338.9,70565.6,135.06826686,9523467.820085092,9523467.820085092,1
1717520400000,70807.0,70838.8,70477.3,70488.2,143.75102961,10153232.426481456,10153232.426481456,1
1717518600000,70870.6,71000.0,70655.8,70803.3,336.6657247,23846784.80833146,23846784.80833146,1
1717516800000,70448.0,70923.0,70393.2,70870.5,527.40690991,37277791.193036556,37277791.193036556,1
1717515000000,69992.1,70500.0,69973.2,70447.9,370.76324857,26057763.24572749,26057763.24572749,1
1717513200000,69664.0,70190.3,69462.7,69988.3,372.55347876,26073146.12972324,26073146.12972324,1
1717511400000,69774.1,69873.2,69324.3,69663.9,380.42639372,26474508.083909698,26474508.083909698,1
1717509600000,69539.2,70099.0,69539.2,69774.1,698.85692954,48842988.58757969,48842988.58757969,1
1717507800000,69431.2,69832.0,69231.9,69536.0,420.91696974,29287275.5125605,29287275.5125605,1
1717506000000,68951.6,69455.3,68943.5,69431.2,186.05175987,12892507.63136879,12892507.63136879,1
1717504200000,69053.9,69160.0,68880.0,68944.6,52.06650002,3593736.04634102,3593736.04634102,1
1717502400000,68957.5,69092.1,68843.8,69053.9,56.43763152,3893570.680577771,3893570.680577771,1
1717500600000,68932.3,69034.8,68836.0,68957.3,50.86152296,3506503.149437115,3506503.149437115,1
1717498800000,68896.0,68968.3,68851.2,68932.2,69.71948812,4804481.531020409,4804481.531020409,1
1717497000000,68800.0,68958.7,68781.9,68893.8,92.40249063,6364687.80595865,6364687.80595865,1
1717495200000,68715.3,68878.2,68698.9,68800.1,103.18827702,7098847.294718703,7098847.294718703,1
1717493400000,68700.6,68795.4,68560.1,68715.2,122.85754229,8439076.999976074,8439076.999976074,1
1717491600000,68840.8,68891.1,68600.0,68700.4,228.58630252,15706658.423305316,15706658.423305316,1
1717489800000,69108.0,69112.0,68824.3,68841.0,66.4754039,4585284.007249437,4585284.007249437,1
1717488000000,69011.2,69189.9,68877.0,69108.3,83.45197559,5760820.112408251,5760820.112408251,1
1717486200000,68995.9,69078.2,68943.5,69011.3,49.97145222,3448451.928630798,3448451.928630798,1
1717484400000,68910.9,69059.7,68895.0,68995.9,102.92341537,7100434.126627103,7100434.126627103,1
1717482600000,68953.2,69054.5,68902.1,68910.9,209.61607423,14464179.487289295,14464179.487289295,1
1717480800000,68966.7,68966.8,68757.8,68953.1,220.19689657,15165194.337356767,15165194.337356767,1
1717479000000,69111.7,69111.7,68915.4,68963.8,74.27328631,5125634.854119604,5125634.854119604,1
1717477200000,69066.5,69162.5,68995.3,69111.7,71.92982479,4968917.001930639,4968917.001930639,1
1717475400000,69230.1,69276.2,69055.8,69067.8,75.14797151,5199163.103693798,5199163.103693798,1
1717473600000,69168.0,69266.9,69100.0,69230.2,103.00230862,7126891.593111345,7126891.593111345,1
1717471800000,69217.0,69256.7,69150.1,69167.9,51.60205633,3570825.283787983,3570825.283787983,1
1717470000000,69145.9,69370.3,69124.0,69217.0,72.91715502,5049864.425100364,5049864.425100364,1
1717468200000,69268.6,69268.6,69089.2,69145.9,176.54501373,12208733.566437734,12208733.566437734,1
1717466400000,69220.2,69327.3,69174.9,69268.6,113.81624096,7883129.139750863,7883129.139750863,1
1717464600000,69013.9,69221.8,69002.0,69220.2,111.11871165,7682166.196809132,7682166.196809132,1
1717462800000,69006.0,69111.0,68904.0,69013.9,61.90900923,4272726.958985347,4272726.958985347,1
1717461000000,68778.1,69111.3,68764.2,69006.0,123.89026535,8547588.151374664,8547588.151374664,1
1717459200000,68800.7,68926.5,68650.2,68778.1,186.4383394,12827348.461475054,12827348.461475054,1
1717457400000,68881.5,68915.0,68732.0,68800.7,87.50938738,6021485.078179377,6021485.078179377,1
1717455600000,69043.9,69057.1,68873.3,68881.5,29.0945381,2006677.647087987,2006677.647087987,1
1717453800000,68965.7,69140.6,68960.9,69043.8,44.21360249,3054562.733610515,3054562.733610515,1
1717452000000,69086.3,69088.0,68805.8,68967.4,79.54049965,5480731.423084569,5480731.423084569,1
1717450200000,69037.2,69186.1,68967.4,69086.3,28.1465179,1945019.980304519,1945019.980304519,1
1717448400000,69103.3,69198.0,68916.6,69037.2,48.90568196,3376577.401718423,3376577.401718423,1
1717446600000,69406.6,69406.6,69103.2,69103.2,26.48255962,1833433.161311558,1833433.161311558,1
1717444800000,69218.4,69500.0,69167.3,69406.6,136.42582894,9470712.803787362,9470712.803787362,1
1717443000000,69123.0,69242.4,69020.5,69218.5,58.94238838,4073137.962120012,4073137.962120012,1
1717441200000,69294.7,69311.2,69086.5,69123.1,63.27921558,4379456.307440178,4379456.307440178,1
1717439400000,69296.6,69455.2,69257.7,69294.6,113.771839,7894270.713389742,7894270.713389742,1
1717437600000,69271.3,69368.9,69160.0,69296.5,90.19859425,6246966.517771245,6246966.517771245,1
1717435800000,69171.5,69397.8,69171.5,69271.0,48.53316745,3361830.771269588,3361830.771269588,1
1717434000000,69080.1,69204.4,68803.1,69171.5,81.09788457,5598037.742832846,5598037.742832846,1
1717432200000,69246.3,69280.0,68910.9,69080.1,129.63306527,8957324.182871299,8957324.182871299,1
1717430400000,69613.4,69706.3,69150.4,69245.5,240.84035126,16721591.924793798,16721591.924793798,1
1717428600000,69138.2,69626.2,69108.3,69613.3,192.80133951,13370339.999199994,13370339.999199994,1
1717426800000,68775.8,69332.4,68757.9,69138.1,223.77276997,15459504.786236199,15459504.786236199,1
1717425000000,69812.2,69829.9,68516.4,68776.3,678.78654077,46878734.34247975,46878734.34247975,1
1717423200000,69784.2,70074.6,69625.1,69812.3,265.81799632,18563587.94657515,18563587.94657515,1
1717421400000,69700.0,70299.4,69700.0,69784.3,814.26810149,56937225.4623704,56937225.4623704,1
1717419600000,69749.0,69766.0,69524.8,69700.0,436.35630265,30400222.583148997,30400222.583148997,1
1717417800000,69406.0,69787.9,69295.4,69748.7,418.19395276,29095103.024708502,29095103.024708502,1
1717416000000,69087.4,69444.0,69087.3,69406.0,157.88728399,10942561.73143242,10942561.73143242,1
1717414200000,69204.2,69251.7,68996.7,69087.3,77.69189826,5369738.827704541,5369738.827704541,1
1717412400000,68920.0,69257.1,68849.3,69204.3,148.44018632,10249198.766125858,10249198.766125858,1
1717410600000,69173.7,69173.8,68888.8,68919.9,169.10767175,11669991.815491984,11669991.815491984,1
1717408800000,69018.2,69189.4,69018.2,69173.8,54.93271259,3796971.409919986,3796971.409919986,1
1717407000000,69007.1,69120.0,68991.2,69016.7,54.37795779,3755476.110162429,3755476.110162429,1
1717405200000,69146.0,69189.9,68913.9,69007.1,83.33230741,5752274.208095779,5752274.208095779,1
1717403400000,69266.5,69333.0,69138.3,69146.1,178.56332914,12368596.622059956,12368596.622059956,1
1717401600000,68914.6,69285.7,68914.6,69266.5,176.45636794,12193151.906937739,12193151.906937739,1
1717399800000,68884.6,68933.5,68810.6,68914.6,129.73130536,8936055.753008924,8936055.753008924,1
1717398000000,69045.0,69195.0,68860.3,68884.6,416.06342367,28734130.902150147,28734130.902150147,1
1717396200000,69105.6,69224.9,68969.2,69045.0,344.95688158,23839860.33626395,23839860.33626395,1
1717394400000,68719.9,69113.7,68635.5,69104.1,272.07267531,18738456.390147947,18738456.390147947,1
1717392600000,68610.5,68818.3,68608.6,68719.9,277.99698566,19100036.809310775,19100036.809310775,1
1717390800000,68511.6,68700.6,68450.4,68610.5,257.9728572,17692691.026842397,17692691.026842397,1
1717389000000,68335.4,68617.4,68328.6,68511.7,102.64307698,7029102.229631172,7029102.229631172,1
1717387200000,68394.2,68470.2,68294.5,68335.3,77.39285668,5291692.90968641,5291692.90968641,1
1717385400000,68328.0,68524.0,68328.0,68392.2,106.45654166,7284104.644360444,7284104.644360444,1
1717383600000,68429.8,68464.0,68219.6,68328.0,82.79188259,5656358.399500577,5656358.399500577,1
1717381800000,68623.9,68669.7,68412.0,68428.9,282.52981843,19357661.625855584,19357661.625855584,1
1717380000000,68483.1,68800.0,68483.1,68624.0,300.64248659,20653133.393311817,20653133.393311817,1
1717378200000,68217.0,68576.6,68160.1,68483.0,213.67851015,14618213.342124952,14618213.342124952,1
1717376400000,67816.4,68350.0,67809.3,68217.1,241.58516693,16464314.914312245,16464314.914312245,1
1717374600000,67671.0,67872.0,67613.4,67816.3,69.20193585,4689316.096383534,4689316.096383534,1
1717372800000,67767.6,67865.0,67662.6,67670.9,91.57792799,6203746.986105465,6203746.986105465,1
1717371000000,67900.6,67900.7,67767.6,67767.7,24.51880035,1663159.6448534,1663159.6448534,1
1717369200000,67935.4,67993.1,67863.9,67900.6,33.2029739,2254651.122459358,2254651.122459358,1
1717367400000,67956.8,68003.0,67852.2,67935.4,36.96937608,2512350.383061102,2512350.383061102,1
1717365600000,67818.2,67978.5,67811.4,67956.7,47.76183566,3242483.895354299,3242483.895354299,1
1717363800000,67830.3,67887.9,67754.6,67819.0,42.89951617,2909705.088134514,2909705.088134514,1
1717362000000,67836.2,67920.3,67783.5,67830.3,19.94976287,1353691.456327333,1353691.456327333,1
1717360200000,67701.5,67839.8,67693.0,67836.2,23.18651703,1571229.296825948,1571229.296825948,1
1717358400000,67740.7,67775.7,67581.3,67701.5,27.53448323,1863594.795976996,1863594.795976996,1
1717356600000,67588.1,67799.0,67549.6,67740.7,69.33086673,4693358.655461252,4693358.655461252,1
1717354800000,67703.9,67755.9,67267.1,67587.5,136.05701965,9181001.161397787,9181001.161397787,1
1717353000000,67592.9,67764.0,67522.2,67703.8,65.03486682,4401063.455251481,4401063.455251481,1
1717351200000,67881.7,67881.7,67458.2,67592.9,182.93749224,12371605.630567756,12371605.630567756,1
1717349400000,67944.6,68047.6,67829.7,67881.7,61.59255072,4182555.185000954,4182555.185000954,1
1717347600000,68104.3,68109.2,67865.0,67944.7,55.10065479,3745333.748073294,3745333.748073294,1
1717345800000,68061.2,68126.1,68034.9,68104.3,25.2302036,1718002.734800762,1718002.734800762,1
1717344000000,68147.2,68214.1,67985.8,68061.3,36.72824543,2500934.165775346,2500934.165775346,1
1717342200000,68071.6,68168.0,68044.4,68147.1,33.17083689,2259589.306752195,2259589.306752195,1
1717340400000,68258.5,68303.1,68019.1,68071.6,68.86598962,4691135.011550696,4691135.011550696,1
1717338600000,68360.0,68472.3,68120.0,68258.5,113.94304746,7782273.265272205,7782273.265272205,1
1717336800000,68161.8,68384.6,68069.1,68360.0,172.10910036,11744428.835722422,11744428.835722422,1
1717335000000,68075.1,68228.2,67955.0,68162.7,54.7387356,3727686.756712383,3727686.756712383,1
1717333200000,67939.9,68095.3,67795.1,68075.1,77.58260291,5271192.294891873,5271192.294891873,1
1717331400000,68091.9,68147.3,67850.0,67939.9,73.52260215,5001796.102050427,5001796.102050427,1
1717329600000,68254.2,68314.2,67900.0,68091.9,144.83416524,9858759.353881909,9858759.353881909,1
1717327800000,67619.9,68328.3,67600.1,68254.2,281.82386983,19182257.492814396,19182257.492814396,1
1717326000000,67536.1,67619.9,67467.2,67619.9,38.50146717,2600123.221170128,2600123.221170128,1
1717324200000,67515.1,67555.1,67441.5,67536.1,31.81368989,2147791.217701457,2147791.217701457,1
1717322400000,67536.9,67589.1,67380.1,67516.0,58.96845492,3981180.60017651,3981180.60017651,1
1717320600000,67581.1,67615.3,67404.4,67535.8,71.20842827,4807234.413482219,4807234.413482219,1
1717318800000,67752.1,67770.5,67579.7,67581.1,53.36880771,3610758.116092315,3610758.116092315,1
1717317000000,67753.0,67809.9,67737.6,67752.1,20.28054918,1374470.750651197,1374470.750651197,1
1717315200000,67720.0,67778.5,67671.0,67752.9,72.61869694,4919077.706439323,4919077.706439323,1
1717313400000,67749.8,67780.1,67720.0,67720.0,42.18045721,2858153.457782023,2858153.457782023,1
1717311600000,67833.1,67839.0,67725.8,67749.9,19.19333512,1300759.895844394,1300759.895844394,1
1717309800000,67780.1,67840.0,67773.9,67833.1,19.00645586,1288706.062563512,1288706.062563512,1
1717308000000,67721.9,67792.2,67717.4,67780.1,14.50828305,983251.316774317,983251.316774317,1
1717306200000,67799.9,67799.9,67721.9,67722.0,20.01291404,1356201.627229033,1356201.627229033,1
1717304400000,67849.1,67866.7,67778.1,67799.9,19.40557832,1316148.772317497,1316148.772317497,1
1717302600000,67818.0,67848.6,67807.4,67848.6,34.50791504,2340722.714084364,2340722.714084364,1
1717300800000,67788.1,67818.0,67738.6,67817.9,67.1452027,4551357.121051162,4551357.121051162,1
1717299000000,67792.0,67811.3,67779.5,67788.0,18.33407476,1242983.273971319,1242983.273971319,1
1717297200000,67728.5,67799.0,67721.7,67792.1,15.93587028,1080008.143602671,1080008.143602671,1
1717295400000,67758.4,67790.5,67637.9,67728.5,33.67433608,2280950.220422059,2280950.220422059,1
1717293600000,67754.7,67815.4,67721.0,67758.5,22.07806715,1496526.133459035,1496526.133459035,1
1717291800000,67872.7,67874.2,67708.4,67754.6,30.90421675,2094996.916216542,2094996.916216542,1
1717290000000,67882.4,67895.9,67760.1,67872.6,90.71723637,6153222.70493222,6153222.70493222,1
1717288200000,67798.4,67913.6,67758.0,67882.4,18.61479091,1262880.168806693,1262880.168806693,1
1717286400000,67757.8,67810.0,67734.5,67798.4,38.46187284,2606453.079231411,2606453.079231411,1
1717284600000,67748.6,67768.0,67720.0,67757.8,37.93378285,2569605.254281493,2569605.254281493,1
1717282800000,67764.2,67822.7,67749.0,67749.0,13.84816379,938857.141955792,938857.141955792,1
1717281000000,67842.8,67842.8,67764.2,67764.2,11.49490448,779312.17579306,779312.17579306,1
1717279200000,67756.9,67890.0,67715.0,67842.8,76.92951064,5215213.292422393,5215213.292422393,1
1717277400000,67756.6,67822.1,67736.7,67756.9,13.04760774,884419.795002716,884419.795002716,1
1717275600000,67797.7,67800.0,67712.6,67756.7,31.69822449,2147689.848358595,2147689.848358595,1
1717273800000,67745.4,67797.7,67738.6,67797.7,8.38966177,568488.564303279,568488.564303279,1
1717272000000,67754.6,67776.0,67711.0,67745.4,12.1135063,820529.739855211,820529.739855211,1
1717270200000,67725.9,67787.7,67701.6,67754.7,17.53832139,1188095.407383578,1188095.407383578,1
1717268400000,67755.0,67770.2,67680.0,67725.8,24.83771844,1682382.051426088,1682382.051426088,1
1717266600000,67735.5,67786.6,67728.7,67755.0,55.01689989,3727425.621502882,3727425.621502882,1
1717264800000,67788.1,67826.9,67730.3,67735.5,109.74095473,7436864.265155986,7436864.265155986,1
1717263000000,67677.6,67851.9,67548.0,67788.1,169.10541731,11443037.52624135,11443037.52624135,1
1717261200000,67691.9,67691.9,67616.0,67677.6,46.92454691,3174765.486133247,3174765.486133247,1
1717259400000,67712.4,67721.9,67640.6,67691.8,13.58237895,919214.472702175,919214.472702175,1
1717257600000,67684.0,67724.0,67608.2,67712.3,28.23240806,1910754.878402233,1910754.878402233,1
1717255800000,67776.6,67796.2,67665.5,67683.9,57.02969042,3864068.988250372,3864068.988250372,1
1717254000000,67802.5,67817.4,67747.4,67776.7,31.80917985,2156373.832408523,2156373.832408523,1
1717252200000,67799.6,67860.7,67752.0,67802.5,56.77682378,3850835.173488917,3850835.173488917,1
1717250400000,67700.0,67810.0,67669.1,67799.7,70.57498525,4780829.464919251,4780829.464919251,1
1717248600000,67775.9,67826.4,67699.9,67700.0,98.6046805,6681334.038882826,6681334.038882826,1
1717246800000,67717.5,67839.7,67711.9,67773.9,39.77440781,2696872.804789138,2696872.804789138,1
1717245000000,67716.0,67872.0,67698.6,67717.5,61.82796994,4191648.910760091,4191648.910760091,1
1717243200000,67661.6,67725.2,67644.2,67716.0,27.83543079,1884161.940755999,1884161.940755999,1
1717241400000,67673.0,67702.8,67661.6,67661.6,15.66449123,1060179.676412074,1060179.676412074,1
1717239600000,67631.9,67690.6,67631.9,67673.0,14.47894814,979810.740466428,979810.740466428,1
1717237800000,67671.3,67705.0,67625.0,67630.5,28.94799507,1958883.855621021,1958883.855621021,1
1717236000000,67708.2,67750.0,67671.2,67671.2,26.38140842,1786668.260553172,1786668.260553172,1
1717234200000,67666.6,67709.7,67637.3,67708.1,16.55759641,1120741.255535149,1120741.255535149,1
1717232400000,67706.2,67754.5,67666.5,67666.6,40.20477763,2722325.978956643,2722325.978956643,1
1717230600000,67623.9,67743.4,67621.0,67706.3,33.7250523,2282756.119416734,2282756.119416734,1
1717228800000,67620.5,67660.0,67599.8,67623.9,50.98042346,3447404.279802874,3447404.279802874,1
1717227000000,67613.5,67737.6,67557.9,67620.4,149.73849334,10129884.697686747,10129884.697686747,1
1717225200000,67688.1,67711.7,67600.0,67613.0,28.81523268,1949209.981440088,1949209.981440088,1
1717223400000,67664.2,67699.9,67601.4,67688.0,31.82261731,2153089.78498423,2153089.78498423,1
1717221600000,67683.4,67726.9,67633.3,67664.2,25.75455871,1742898.331441535,1742898.331441535,1
1717219800000,67590.9,67800.0,67587.2,67683.4,39.35849132,2665083.016009929,2665083.016009929,1
1717218000000,67671.3,67680.3,67590.9,67590.9,87.3304647,5906808.484193576,5906808.484193576,1
1717216200000,67688.0,67727.0,67660.0,67671.3,141.02813938,9547473.952840189,9547473.952840189,1
1717214400000,67716.3,67771.3,67657.6,67687.3,24.19349517,1638536.514595899,1638536.514595899,1
1717212600000,67657.3,67761.2,67650.9,67716.3,30.27673467,2050279.246542012,2050279.246542012,1
1717210800000,67725.8,67741.0,67617.0,67657.3,25.85776175,1750148.368032117,1750148.368032117,1
1717209000000,67664.9,67740.0,67663.4,67725.7,14.31691257,969235.08803805,969235.08803805,1
1717207200000,67557.9,67714.1,67542.3,67665.0,35.40232514,2394910.074820857,2394910.074820857,1
1717205400000,67573.2,67603.3,67441.6,67557.9,44.7212113,3018742.317848126,3018742.317848126,1
1717203600000,67649.4,67712.1,67515.7,67573.1,32.24448267,2179944.349332569,2179944.349332569,1
1717201800000,67558.0,67683.2,67531.9,67649.4,38.82849317,2625469.905634737,2625469.905634737,1
1717200000000,67542.6,67689.6,67499.9,67558.0,63.10969223,4264878.726530572,4264878.726530572,1
1717198200000,67236.1,67600.0,67236.0,67542.5,90.10795737,6079900.66683671,6079900.66683671,1
1717196400000,67509.8,67571.3,67236.0,67236.1,123.38130326,8315472.983549706,8315472.983549706,1
1717194600000,67643.2,67643.2,67500.0,67509.8,32.3519695,2186183.153301794,2186183.153301794,1
1717192800000,67570.9,67667.5,67570.9,67643.2,16.58722986,1121637.665268122,1121637.665268122,1
1717191000000,67627.6,67701.0,67519.3,67570.9,40.92149606,2767478.321744784,2767478.321744784,1
1717189200000,67709.8,67718.4,67533.5,67627.6,26.85514614,1816730.848174641,1816730.848174641,1
1717187400000,67670.1,67754.3,67625.1,67709.8,43.27730888,2929065.879355677,2929065.879355677,1
1717185600000,67684.6,67814.3,67601.1,67670.0,151.07563263,10230944.769808445,10230944.769808445,1
1717183800000,67539.0,68002.3,67502.3,67681.2,314.66360561,21319602.22855137,21319602.22855137,1
1717182000000,67411.0,67599.9,67345.1,67539.3,74.89894048,5050832.862715943,5050832.862715943,1
1717180200000,67306.6,67434.3,67177.9,67410.2,53.61618242,3609569.22910528,3609569.22910528,1
1717178400000,67342.7,67444.0,67281.9,67306.6,58.01950027,3908294.961838431,3908294.961838431,1
1717176600000,67407.7,67456.0,67280.1,67342.7,83.77588443,5641139.822374158,5641139.822374158,1
